contender, input_graph, iteration, num_vertices, num_edges, factory_time_ns, execution_time_ns, result_correct
fast_kruskal, GNM, 0, 8192, 8192, 30, 609787, yes
fast_kruskal, GNM, 1, 8192, 8192, 10, 575866, yes
fast_kruskal, GNM, 2, 8192, 8192, 20, 582436, yes
fast_kruskal, GNM, 3, 8192, 8192, 20, 579806, yes
i_max_filter, GNM, 0, 8192, 8192, 20, 722148, yes
i_max_filter, GNM, 1, 8192, 8192, 20, 723517, yes
i_max_filter, GNM, 2, 8192, 8192, 20, 697077, yes
i_max_filter, GNM, 3, 8192, 8192, 20, 705667, yes
parallel_i_max_filter, GNM, 0, 8192, 8192, 30, 706337, yes
parallel_i_max_filter, GNM, 1, 8192, 8192, 30, 698797, yes
parallel_i_max_filter, GNM, 2, 8192, 8192, 20, 701237, yes
parallel_i_max_filter, GNM, 3, 8192, 8192, 20, 706707, yes
jarnik_prim, GNM, 0, 8192, 8192, 20, 704067, yes
jarnik_prim, GNM, 1, 8192, 8192, 20, 706568, yes
jarnik_prim, GNM, 2, 8192, 8192, 20, 702967, yes
jarnik_prim, GNM, 3, 8192, 8192, 20, 707458, yes
fast_kruskal, GNM, 0, 8192, 16384, 20, 1057750, yes
fast_kruskal, GNM, 1, 8192, 16384, 20, 981680, yes
fast_kruskal, GNM, 2, 8192, 16384, 20, 982390, yes
fast_kruskal, GNM, 3, 8192, 16384, 30, 986750, yes
i_max_filter, GNM, 0, 8192, 16384, 10, 1099962, yes
i_max_filter, GNM, 1, 8192, 16384, 20, 1076661, yes
i_max_filter, GNM, 2, 8192, 16384, 20, 1065731, yes
i_max_filter, GNM, 3, 8192, 16384, 20, 1097711, yes
parallel_i_max_filter, GNM, 0, 8192, 16384, 20, 1082891, yes
parallel_i_max_filter, GNM, 1, 8192, 16384, 20, 1083891, yes
parallel_i_max_filter, GNM, 2, 8192, 16384, 20, 1140562, yes
parallel_i_max_filter, GNM, 3, 8192, 16384, 20, 1075441, yes
jarnik_prim, GNM, 0, 8192, 16384, 20, 1083021, yes
jarnik_prim, GNM, 1, 8192, 16384, 10, 1082101, yes
jarnik_prim, GNM, 2, 8192, 16384, 20, 1079881, yes
jarnik_prim, GNM, 3, 8192, 16384, 20, 1083781, yes
fast_kruskal, GNM, 0, 8192, 32768, 20, 2010890, yes
fast_kruskal, GNM, 1, 8192, 32768, 20, 1606526, yes
fast_kruskal, GNM, 2, 8192, 32768, 20, 1611456, yes
fast_kruskal, GNM, 3, 8192, 32768, 20, 1626577, yes
i_max_filter, GNM, 0, 8192, 32768, 20, 1301363, yes
i_max_filter, GNM, 1, 8192, 32768, 20, 1324754, yes
i_max_filter, GNM, 2, 8192, 32768, 20, 1314084, yes
i_max_filter, GNM, 3, 8192, 32768, 20, 1292564, yes
parallel_i_max_filter, GNM, 0, 8192, 32768, 20, 1357963, yes
parallel_i_max_filter, GNM, 1, 8192, 32768, 10, 1390794, yes
parallel_i_max_filter, GNM, 2, 8192, 32768, 20, 1358364, yes
parallel_i_max_filter, GNM, 3, 8192, 32768, 20, 1359614, yes
jarnik_prim, GNM, 0, 8192, 32768, 20, 1342513, yes
jarnik_prim, GNM, 1, 8192, 32768, 30, 1332503, yes
jarnik_prim, GNM, 2, 8192, 32768, 20, 1376374, yes
jarnik_prim, GNM, 3, 8192, 32768, 20, 1330394, yes
fast_kruskal, GNM, 0, 8192, 65536, 20, 3557847, yes
fast_kruskal, GNM, 1, 8192, 65536, 20, 3206863, yes
fast_kruskal, GNM, 2, 8192, 65536, 20, 3205383, yes
fast_kruskal, GNM, 3, 8192, 65536, 20, 3209012, yes
i_max_filter, GNM, 0, 8192, 65536, 20, 1882299, yes
i_max_filter, GNM, 1, 8192, 65536, 20, 1868439, yes
i_max_filter, GNM, 2, 8192, 65536, 30, 1859819, yes
i_max_filter, GNM, 3, 8192, 65536, 20, 1882409, yes
parallel_i_max_filter, GNM, 0, 8192, 65536, 20, 1863969, yes
parallel_i_max_filter, GNM, 1, 8192, 65536, 20, 1875759, yes
parallel_i_max_filter, GNM, 2, 8192, 65536, 20, 1877150, yes
parallel_i_max_filter, GNM, 3, 8192, 65536, 10, 1896970, yes
jarnik_prim, GNM, 0, 8192, 65536, 20, 1896420, yes
jarnik_prim, GNM, 1, 8192, 65536, 20, 1891809, yes
jarnik_prim, GNM, 2, 8192, 65536, 20, 1900489, yes
jarnik_prim, GNM, 3, 8192, 65536, 20, 1883319, yes
fast_kruskal, GNM, 0, 8192, 131072, 30, 7170594, yes
fast_kruskal, GNM, 1, 8192, 131072, 20, 6391076, yes
fast_kruskal, GNM, 2, 8192, 131072, 20, 6399206, yes
fast_kruskal, GNM, 3, 8192, 131072, 20, 6406526, yes
i_max_filter, GNM, 0, 8192, 131072, 10, 3347365, yes
i_max_filter, GNM, 1, 8192, 131072, 20, 3338114, yes
i_max_filter, GNM, 2, 8192, 131072, 20, 3273344, yes
i_max_filter, GNM, 3, 8192, 131072, 20, 3295904, yes
parallel_i_max_filter, GNM, 0, 8192, 131072, 20, 3215833, yes
parallel_i_max_filter, GNM, 1, 8192, 131072, 20, 3117932, yes
parallel_i_max_filter, GNM, 2, 8192, 131072, 20, 2987381, yes
parallel_i_max_filter, GNM, 3, 8192, 131072, 20, 3023101, yes
jarnik_prim, GNM, 0, 8192, 131072, 20, 2783959, yes
jarnik_prim, GNM, 1, 8192, 131072, 20, 2778709, yes
jarnik_prim, GNM, 2, 8192, 131072, 10, 2751138, yes
jarnik_prim, GNM, 3, 8192, 131072, 20, 2775048, yes
fast_kruskal, GNM, 0, 8192, 262144, 30, 14566050, yes
fast_kruskal, GNM, 1, 8192, 262144, 20, 13354546, yes
fast_kruskal, GNM, 2, 8192, 262144, 20, 13326457, yes
fast_kruskal, GNM, 3, 8192, 262144, 20, 13285656, yes
i_max_filter, GNM, 0, 8192, 262144, 20, 4444685, yes
i_max_filter, GNM, 1, 8192, 262144, 30, 4456835, yes
i_max_filter, GNM, 2, 8192, 262144, 20, 4443517, yes
i_max_filter, GNM, 3, 8192, 262144, 30, 4411125, yes
parallel_i_max_filter, GNM, 0, 8192, 262144, 20, 3790580, yes
parallel_i_max_filter, GNM, 1, 8192, 262144, 30, 3820499, yes
parallel_i_max_filter, GNM, 2, 8192, 262144, 30, 3834489, yes
parallel_i_max_filter, GNM, 3, 8192, 262144, 20, 3822099, yes
jarnik_prim, GNM, 0, 8192, 262144, 30, 4516756, yes
jarnik_prim, GNM, 1, 8192, 262144, 30, 4585137, yes
jarnik_prim, GNM, 2, 8192, 262144, 20, 4777439, yes
jarnik_prim, GNM, 3, 8192, 262144, 30, 4729129, yes
fast_kruskal, GNM, 0, 8192, 524288, 30, 29671294, yes
fast_kruskal, GNM, 1, 8192, 524288, 30, 27851586, yes
fast_kruskal, GNM, 2, 8192, 524288, 30, 28280581, yes
fast_kruskal, GNM, 3, 8192, 524288, 30, 28199960, yes
i_max_filter, GNM, 0, 8192, 524288, 40, 6128203, yes
i_max_filter, GNM, 1, 8192, 524288, 40, 6445446, yes
i_max_filter, GNM, 2, 8192, 524288, 40, 6751180, yes
i_max_filter, GNM, 3, 8192, 524288, 30, 6643498, yes
parallel_i_max_filter, GNM, 0, 8192, 524288, 30, 5261664, yes
parallel_i_max_filter, GNM, 1, 8192, 524288, 30, 5288254, yes
parallel_i_max_filter, GNM, 2, 8192, 524288, 30, 4966231, yes
parallel_i_max_filter, GNM, 3, 8192, 524288, 30, 4938210, yes
jarnik_prim, GNM, 0, 8192, 524288, 60, 8926131, yes
jarnik_prim, GNM, 1, 8192, 524288, 20, 8992372, yes
jarnik_prim, GNM, 2, 8192, 524288, 30, 8571878, yes
jarnik_prim, GNM, 3, 8192, 524288, 20, 8713649, yes
fast_kruskal, GNM, 0, 16384, 16384, 20, 993590, yes
fast_kruskal, GNM, 1, 16384, 16384, 20, 983560, yes
fast_kruskal, GNM, 2, 16384, 16384, 10, 984920, yes
fast_kruskal, GNM, 3, 16384, 16384, 20, 970180, yes
i_max_filter, GNM, 0, 16384, 16384, 20, 1420535, yes
i_max_filter, GNM, 1, 16384, 16384, 30, 1443454, yes
i_max_filter, GNM, 2, 16384, 16384, 20, 1437164, yes
i_max_filter, GNM, 3, 16384, 16384, 20, 1439425, yes
parallel_i_max_filter, GNM, 0, 16384, 16384, 10, 1413114, yes
parallel_i_max_filter, GNM, 1, 16384, 16384, 20, 1440705, yes
parallel_i_max_filter, GNM, 2, 16384, 16384, 20, 1431285, yes
parallel_i_max_filter, GNM, 3, 16384, 16384, 30, 1456525, yes
jarnik_prim, GNM, 0, 16384, 16384, 20, 1432824, yes
jarnik_prim, GNM, 1, 16384, 16384, 20, 1421155, yes
jarnik_prim, GNM, 2, 16384, 16384, 20, 1440145, yes
jarnik_prim, GNM, 3, 16384, 16384, 20, 1439575, yes
fast_kruskal, GNM, 0, 16384, 32768, 20, 2063301, yes
fast_kruskal, GNM, 1, 16384, 32768, 20, 2046071, yes
fast_kruskal, GNM, 2, 16384, 32768, 10, 2069231, yes
fast_kruskal, GNM, 3, 16384, 32768, 20, 2056731, yes
i_max_filter, GNM, 0, 16384, 32768, 20, 2204903, yes
i_max_filter, GNM, 1, 16384, 32768, 10, 2196923, yes
i_max_filter, GNM, 2, 16384, 32768, 20, 2199383, yes
i_max_filter, GNM, 3, 16384, 32768, 20, 2196973, yes
parallel_i_max_filter, GNM, 0, 16384, 32768, 20, 2181433, yes
parallel_i_max_filter, GNM, 1, 16384, 32768, 30, 2218493, yes
parallel_i_max_filter, GNM, 2, 16384, 32768, 20, 2171292, yes
parallel_i_max_filter, GNM, 3, 16384, 32768, 20, 2191452, yes
jarnik_prim, GNM, 0, 16384, 32768, 20, 2210112, yes
jarnik_prim, GNM, 1, 16384, 32768, 20, 2201354, yes
jarnik_prim, GNM, 2, 16384, 32768, 20, 2206603, yes
jarnik_prim, GNM, 3, 16384, 32768, 20, 2203233, yes
fast_kruskal, GNM, 0, 16384, 65536, 30, 3476746, yes
fast_kruskal, GNM, 1, 16384, 65536, 30, 3407275, yes
fast_kruskal, GNM, 2, 16384, 65536, 30, 3452065, yes
fast_kruskal, GNM, 3, 16384, 65536, 30, 3408035, yes
i_max_filter, GNM, 0, 16384, 65536, 30, 2989691, yes
i_max_filter, GNM, 1, 16384, 65536, 30, 3013521, yes
i_max_filter, GNM, 2, 16384, 65536, 30, 2975870, yes
i_max_filter, GNM, 3, 16384, 65536, 30, 2964171, yes
parallel_i_max_filter, GNM, 0, 16384, 65536, 30, 2976910, yes
parallel_i_max_filter, GNM, 1, 16384, 65536, 30, 2961641, yes
parallel_i_max_filter, GNM, 2, 16384, 65536, 20, 3012931, yes
parallel_i_max_filter, GNM, 3, 16384, 65536, 30, 3062802, yes
jarnik_prim, GNM, 0, 16384, 65536, 20, 3085011, yes
jarnik_prim, GNM, 1, 16384, 65536, 20, 3016061, yes
jarnik_prim, GNM, 2, 16384, 65536, 20, 2955291, yes
jarnik_prim, GNM, 3, 16384, 65536, 20, 2993181, yes
fast_kruskal, GNM, 0, 16384, 131072, 30, 7819800, yes
fast_kruskal, GNM, 1, 16384, 131072, 30, 7745720, yes
fast_kruskal, GNM, 2, 16384, 131072, 30, 7740779, yes
fast_kruskal, GNM, 3, 16384, 131072, 30, 7767530, yes
i_max_filter, GNM, 0, 16384, 131072, 30, 4136824, yes
i_max_filter, GNM, 1, 16384, 131072, 20, 4168473, yes
i_max_filter, GNM, 2, 16384, 131072, 20, 4111324, yes
i_max_filter, GNM, 3, 16384, 131072, 20, 4135812, yes
parallel_i_max_filter, GNM, 0, 16384, 131072, 20, 4125913, yes
parallel_i_max_filter, GNM, 1, 16384, 131072, 20, 4108992, yes
parallel_i_max_filter, GNM, 2, 16384, 131072, 30, 4114294, yes
parallel_i_max_filter, GNM, 3, 16384, 131072, 20, 4097962, yes
jarnik_prim, GNM, 0, 16384, 131072, 10, 4185873, yes
jarnik_prim, GNM, 1, 16384, 131072, 30, 4128002, yes
jarnik_prim, GNM, 2, 16384, 131072, 30, 4189422, yes
jarnik_prim, GNM, 3, 16384, 131072, 30, 4193223, yes
fast_kruskal, GNM, 0, 16384, 262144, 30, 15962945, yes
fast_kruskal, GNM, 1, 16384, 262144, 30, 15788083, yes
fast_kruskal, GNM, 2, 16384, 262144, 20, 15757133, yes
fast_kruskal, GNM, 3, 16384, 262144, 10, 15760433, yes
i_max_filter, GNM, 0, 16384, 262144, 20, 7631369, yes
i_max_filter, GNM, 1, 16384, 262144, 30, 7836880, yes
i_max_filter, GNM, 2, 16384, 262144, 20, 7816070, yes
i_max_filter, GNM, 3, 16384, 262144, 30, 7701809, yes
parallel_i_max_filter, GNM, 0, 16384, 262144, 30, 6902531, yes
parallel_i_max_filter, GNM, 1, 16384, 262144, 30, 7190205, yes
parallel_i_max_filter, GNM, 2, 16384, 262144, 30, 7059632, yes
parallel_i_max_filter, GNM, 3, 16384, 262144, 30, 7038732, yes
jarnik_prim, GNM, 0, 16384, 262144, 30, 6135233, yes
jarnik_prim, GNM, 1, 16384, 262144, 30, 6093052, yes
jarnik_prim, GNM, 2, 16384, 262144, 30, 6094213, yes
jarnik_prim, GNM, 3, 16384, 262144, 30, 6072742, yes
fast_kruskal, GNM, 0, 16384, 524288, 30, 34953269, yes
fast_kruskal, GNM, 1, 16384, 524288, 30, 32597234, yes
fast_kruskal, GNM, 2, 16384, 524288, 20, 32632536, yes
fast_kruskal, GNM, 3, 16384, 524288, 30, 32570444, yes
i_max_filter, GNM, 0, 16384, 524288, 40, 9706630, yes
i_max_filter, GNM, 1, 16384, 524288, 30, 9558749, yes
i_max_filter, GNM, 2, 16384, 524288, 20, 9612439, yes
i_max_filter, GNM, 3, 16384, 524288, 20, 9570578, yes
parallel_i_max_filter, GNM, 0, 16384, 524288, 40, 8106633, yes
parallel_i_max_filter, GNM, 1, 16384, 524288, 40, 8210935, yes
parallel_i_max_filter, GNM, 2, 16384, 524288, 20, 8343065, yes
parallel_i_max_filter, GNM, 3, 16384, 524288, 20, 8243964, yes
jarnik_prim, GNM, 0, 16384, 524288, 30, 11029664, yes
jarnik_prim, GNM, 1, 16384, 524288, 30, 11461967, yes
jarnik_prim, GNM, 2, 16384, 524288, 20, 11178634, yes
jarnik_prim, GNM, 3, 16384, 524288, 10, 11163225, yes
fast_kruskal, GNM, 0, 16384, 1048576, 30, 62187678, yes
fast_kruskal, GNM, 1, 16384, 1048576, 30, 61372751, yes
fast_kruskal, GNM, 2, 16384, 1048576, 30, 61466511, yes
fast_kruskal, GNM, 3, 16384, 1048576, 30, 61837506, yes
i_max_filter, GNM, 0, 16384, 1048576, 30, 13769480, yes
i_max_filter, GNM, 1, 16384, 1048576, 30, 13746791, yes
i_max_filter, GNM, 2, 16384, 1048576, 30, 13690612, yes
i_max_filter, GNM, 3, 16384, 1048576, 20, 13731732, yes
parallel_i_max_filter, GNM, 0, 16384, 1048576, 20, 11640031, yes
parallel_i_max_filter, GNM, 1, 16384, 1048576, 30, 11934182, yes
parallel_i_max_filter, GNM, 2, 16384, 1048576, 30, 11708530, yes
parallel_i_max_filter, GNM, 3, 16384, 1048576, 40, 11743830, yes
jarnik_prim, GNM, 0, 16384, 1048576, 40, 18529180, yes
jarnik_prim, GNM, 1, 16384, 1048576, 40, 18711853, yes
jarnik_prim, GNM, 2, 16384, 1048576, 40, 18731493, yes
jarnik_prim, GNM, 3, 16384, 1048576, 40, 18901303, yes
fast_kruskal, GNM, 0, 32768, 32768, 30, 2076182, yes
fast_kruskal, GNM, 1, 32768, 32768, 40, 2088621, yes
fast_kruskal, GNM, 2, 32768, 32768, 30, 2034651, yes
fast_kruskal, GNM, 3, 32768, 32768, 30, 2027170, yes
i_max_filter, GNM, 0, 32768, 32768, 30, 3022341, yes
i_max_filter, GNM, 1, 32768, 32768, 40, 2929670, yes
i_max_filter, GNM, 2, 32768, 32768, 40, 2990410, yes
i_max_filter, GNM, 3, 32768, 32768, 20, 3005051, yes
parallel_i_max_filter, GNM, 0, 32768, 32768, 20, 3026912, yes
parallel_i_max_filter, GNM, 1, 32768, 32768, 30, 2990921, yes
parallel_i_max_filter, GNM, 2, 32768, 32768, 20, 2986791, yes
parallel_i_max_filter, GNM, 3, 32768, 32768, 30, 2991831, yes
jarnik_prim, GNM, 0, 32768, 32768, 30, 2988241, yes
jarnik_prim, GNM, 1, 32768, 32768, 30, 3007990, yes
jarnik_prim, GNM, 2, 32768, 32768, 30, 3017161, yes
jarnik_prim, GNM, 3, 32768, 32768, 20, 3059231, yes
fast_kruskal, GNM, 0, 32768, 65536, 30, 4256774, yes
fast_kruskal, GNM, 1, 32768, 65536, 20, 4208083, yes
fast_kruskal, GNM, 2, 32768, 65536, 20, 4234725, yes
fast_kruskal, GNM, 3, 32768, 65536, 20, 4230503, yes
i_max_filter, GNM, 0, 32768, 65536, 30, 4770038, yes
i_max_filter, GNM, 1, 32768, 65536, 30, 4776760, yes
i_max_filter, GNM, 2, 32768, 65536, 20, 4823789, yes
i_max_filter, GNM, 3, 32768, 65536, 20, 4735979, yes
parallel_i_max_filter, GNM, 0, 32768, 65536, 20, 4794459, yes
parallel_i_max_filter, GNM, 1, 32768, 65536, 20, 4752239, yes
parallel_i_max_filter, GNM, 2, 32768, 65536, 20, 4843379, yes
parallel_i_max_filter, GNM, 3, 32768, 65536, 10, 4809780, yes
jarnik_prim, GNM, 0, 32768, 65536, 20, 4823730, yes
jarnik_prim, GNM, 1, 32768, 65536, 20, 4833710, yes
jarnik_prim, GNM, 2, 32768, 65536, 20, 4789499, yes
jarnik_prim, GNM, 3, 32768, 65536, 30, 4812911, yes
fast_kruskal, GNM, 0, 32768, 131072, 20, 7061813, yes
fast_kruskal, GNM, 1, 32768, 131072, 20, 7009942, yes
fast_kruskal, GNM, 2, 32768, 131072, 30, 6998741, yes
fast_kruskal, GNM, 3, 32768, 131072, 20, 7022813, yes
i_max_filter, GNM, 0, 32768, 131072, 20, 6569188, yes
i_max_filter, GNM, 1, 32768, 131072, 10, 6525087, yes
i_max_filter, GNM, 2, 32768, 131072, 20, 6509157, yes
i_max_filter, GNM, 3, 32768, 131072, 20, 6458196, yes
parallel_i_max_filter, GNM, 0, 32768, 131072, 20, 6502317, yes
parallel_i_max_filter, GNM, 1, 32768, 131072, 20, 6408617, yes
parallel_i_max_filter, GNM, 2, 32768, 131072, 20, 6496737, yes
parallel_i_max_filter, GNM, 3, 32768, 131072, 30, 6496196, yes
jarnik_prim, GNM, 0, 32768, 131072, 20, 6505507, yes
jarnik_prim, GNM, 1, 32768, 131072, 30, 6544967, yes
jarnik_prim, GNM, 2, 32768, 131072, 30, 6583259, yes
jarnik_prim, GNM, 3, 32768, 131072, 30, 6565737, yes
fast_kruskal, GNM, 0, 32768, 262144, 30, 16271637, yes
fast_kruskal, GNM, 1, 32768, 262144, 30, 16178045, yes
fast_kruskal, GNM, 2, 32768, 262144, 30, 16155777, yes
fast_kruskal, GNM, 3, 32768, 262144, 20, 16166966, yes
i_max_filter, GNM, 0, 32768, 262144, 20, 9409877, yes
i_max_filter, GNM, 1, 32768, 262144, 20, 9329286, yes
i_max_filter, GNM, 2, 32768, 262144, 30, 9257184, yes
i_max_filter, GNM, 3, 32768, 262144, 10, 9283525, yes
parallel_i_max_filter, GNM, 0, 32768, 262144, 30, 9185624, yes
parallel_i_max_filter, GNM, 1, 32768, 262144, 30, 9207025, yes
parallel_i_max_filter, GNM, 2, 32768, 262144, 30, 9044924, yes
parallel_i_max_filter, GNM, 3, 32768, 262144, 10, 9107545, yes
jarnik_prim, GNM, 0, 32768, 262144, 20, 9327916, yes
jarnik_prim, GNM, 1, 32768, 262144, 30, 9244135, yes
jarnik_prim, GNM, 2, 32768, 262144, 20, 9283075, yes
jarnik_prim, GNM, 3, 32768, 262144, 30, 9279035, yes
fast_kruskal, GNM, 0, 32768, 524288, 30, 30897058, yes
fast_kruskal, GNM, 1, 32768, 524288, 20, 28734646, yes
fast_kruskal, GNM, 2, 32768, 524288, 20, 28693335, yes
fast_kruskal, GNM, 3, 32768, 524288, 20, 28676335, yes
i_max_filter, GNM, 0, 32768, 524288, 30, 17118556, yes
i_max_filter, GNM, 1, 32768, 524288, 30, 16943663, yes
i_max_filter, GNM, 2, 32768, 524288, 30, 16780403, yes
i_max_filter, GNM, 3, 32768, 524288, 20, 16736601, yes
parallel_i_max_filter, GNM, 0, 32768, 524288, 30, 15038914, yes
parallel_i_max_filter, GNM, 1, 32768, 524288, 40, 15253927, yes
parallel_i_max_filter, GNM, 2, 32768, 524288, 30, 15069264, yes
parallel_i_max_filter, GNM, 3, 32768, 524288, 40, 15084896, yes
jarnik_prim, GNM, 0, 32768, 524288, 40, 15770411, yes
jarnik_prim, GNM, 1, 32768, 524288, 30, 15854163, yes
jarnik_prim, GNM, 2, 32768, 524288, 30, 15587590, yes
jarnik_prim, GNM, 3, 32768, 524288, 30, 15602021, yes
fast_kruskal, GNM, 0, 32768, 1048576, 30, 61491731, yes
fast_kruskal, GNM, 1, 32768, 1048576, 20, 60954536, yes
fast_kruskal, GNM, 2, 32768, 1048576, 30, 61047188, yes
fast_kruskal, GNM, 3, 32768, 1048576, 30, 60938846, yes
i_max_filter, GNM, 0, 32768, 1048576, 30, 21530310, yes
i_max_filter, GNM, 1, 32768, 1048576, 30, 21921755, yes
i_max_filter, GNM, 2, 32768, 1048576, 20, 21786474, yes
i_max_filter, GNM, 3, 32768, 1048576, 30, 21981615, yes
parallel_i_max_filter, GNM, 0, 32768, 1048576, 30, 19070036, yes
parallel_i_max_filter, GNM, 1, 32768, 1048576, 30, 19100687, yes
parallel_i_max_filter, GNM, 2, 32768, 1048576, 20, 19200866, yes
parallel_i_max_filter, GNM, 3, 32768, 1048576, 30, 19341419, yes
jarnik_prim, GNM, 0, 32768, 1048576, 40, 24055447, yes
jarnik_prim, GNM, 1, 32768, 1048576, 40, 24726963, yes
jarnik_prim, GNM, 2, 32768, 1048576, 40, 24970377, yes
jarnik_prim, GNM, 3, 32768, 1048576, 40, 24950897, yes
fast_kruskal, GNM, 0, 32768, 2097152, 30, 129981355, yes
fast_kruskal, GNM, 1, 32768, 2097152, 40, 129098296, yes
fast_kruskal, GNM, 2, 32768, 2097152, 30, 129035375, yes
fast_kruskal, GNM, 3, 32768, 2097152, 30, 131063525, yes
i_max_filter, GNM, 0, 32768, 2097152, 40, 30109110, yes
i_max_filter, GNM, 1, 32768, 2097152, 40, 30063298, yes
i_max_filter, GNM, 2, 32768, 2097152, 30, 29892177, yes
i_max_filter, GNM, 3, 32768, 2097152, 30, 29911296, yes
parallel_i_max_filter, GNM, 0, 32768, 2097152, 40, 24492672, yes
parallel_i_max_filter, GNM, 1, 32768, 2097152, 30, 24135328, yes
parallel_i_max_filter, GNM, 2, 32768, 2097152, 30, 24095536, yes
parallel_i_max_filter, GNM, 3, 32768, 2097152, 40, 24271770, yes
jarnik_prim, GNM, 0, 32768, 2097152, 40, 38778038, yes
jarnik_prim, GNM, 1, 32768, 2097152, 40, 37842509, yes
jarnik_prim, GNM, 2, 32768, 2097152, 40, 38241723, yes
jarnik_prim, GNM, 3, 32768, 2097152, 40, 38604146, yes
fast_kruskal, GNM, 0, 65536, 65536, 40, 5249834, yes
fast_kruskal, GNM, 1, 65536, 65536, 40, 4309174, yes
fast_kruskal, GNM, 2, 65536, 65536, 30, 4315165, yes
fast_kruskal, GNM, 3, 65536, 65536, 30, 4333125, yes
i_max_filter, GNM, 0, 65536, 65536, 30, 6330984, yes
i_max_filter, GNM, 1, 65536, 65536, 30, 6341245, yes
i_max_filter, GNM, 2, 65536, 65536, 30, 6330105, yes
i_max_filter, GNM, 3, 65536, 65536, 30, 6272504, yes
parallel_i_max_filter, GNM, 0, 65536, 65536, 30, 6306576, yes
parallel_i_max_filter, GNM, 1, 65536, 65536, 30, 6271856, yes
parallel_i_max_filter, GNM, 2, 65536, 65536, 20, 6284395, yes
parallel_i_max_filter, GNM, 3, 65536, 65536, 30, 6276554, yes
jarnik_prim, GNM, 0, 65536, 65536, 40, 6369356, yes
jarnik_prim, GNM, 1, 65536, 65536, 40, 6342244, yes
jarnik_prim, GNM, 2, 65536, 65536, 30, 6311015, yes
jarnik_prim, GNM, 3, 65536, 65536, 30, 6281554, yes
fast_kruskal, GNM, 0, 65536, 131072, 30, 9365836, yes
fast_kruskal, GNM, 1, 65536, 131072, 30, 8794430, yes
fast_kruskal, GNM, 2, 65536, 131072, 30, 8829540, yes
fast_kruskal, GNM, 3, 65536, 131072, 30, 8810550, yes
i_max_filter, GNM, 0, 65536, 131072, 30, 10219756, yes
i_max_filter, GNM, 1, 65536, 131072, 30, 10314815, yes
i_max_filter, GNM, 2, 65536, 131072, 40, 10320387, yes
i_max_filter, GNM, 3, 65536, 131072, 30, 10314266, yes
parallel_i_max_filter, GNM, 0, 65536, 131072, 30, 10299377, yes
parallel_i_max_filter, GNM, 1, 65536, 131072, 30, 10358876, yes
parallel_i_max_filter, GNM, 2, 65536, 131072, 30, 10309636, yes
parallel_i_max_filter, GNM, 3, 65536, 131072, 30, 10292645, yes
jarnik_prim, GNM, 0, 65536, 131072, 30, 10276585, yes
jarnik_prim, GNM, 1, 65536, 131072, 40, 10270315, yes
jarnik_prim, GNM, 2, 65536, 131072, 40, 10554288, yes
jarnik_prim, GNM, 3, 65536, 131072, 30, 9889551, yes
fast_kruskal, GNM, 0, 65536, 262144, 40, 17763853, yes
fast_kruskal, GNM, 1, 65536, 262144, 30, 17292848, yes
fast_kruskal, GNM, 2, 65536, 262144, 30, 17114527, yes
fast_kruskal, GNM, 3, 65536, 262144, 40, 17117127, yes
i_max_filter, GNM, 0, 65536, 262144, 30, 14421738, yes
i_max_filter, GNM, 1, 65536, 262144, 30, 14391838, yes
i_max_filter, GNM, 2, 65536, 262144, 30, 14570499, yes
i_max_filter, GNM, 3, 65536, 262144, 30, 14301586, yes
parallel_i_max_filter, GNM, 0, 65536, 262144, 30, 14439999, yes
parallel_i_max_filter, GNM, 1, 65536, 262144, 30, 14350027, yes
parallel_i_max_filter, GNM, 2, 65536, 262144, 30, 14568179, yes
parallel_i_max_filter, GNM, 3, 65536, 262144, 30, 14510319, yes
jarnik_prim, GNM, 0, 65536, 262144, 30, 14492329, yes
jarnik_prim, GNM, 1, 65536, 262144, 40, 14403418, yes
jarnik_prim, GNM, 2, 65536, 262144, 30, 14699581, yes
jarnik_prim, GNM, 3, 65536, 262144, 30, 14690390, yes
fast_kruskal, GNM, 0, 65536, 524288, 30, 36923719, yes
fast_kruskal, GNM, 1, 65536, 524288, 30, 34627306, yes
fast_kruskal, GNM, 2, 65536, 524288, 30, 34553274, yes
fast_kruskal, GNM, 3, 65536, 524288, 30, 34647746, yes
i_max_filter, GNM, 0, 65536, 524288, 30, 21184467, yes
i_max_filter, GNM, 1, 65536, 524288, 40, 21153688, yes
i_max_filter, GNM, 2, 65536, 524288, 30, 20813984, yes
i_max_filter, GNM, 3, 65536, 524288, 30, 20713772, yes
parallel_i_max_filter, GNM, 0, 65536, 524288, 30, 20797614, yes
parallel_i_max_filter, GNM, 1, 65536, 524288, 30, 20750644, yes
parallel_i_max_filter, GNM, 2, 65536, 524288, 30, 21424369, yes
parallel_i_max_filter, GNM, 3, 65536, 524288, 30, 20436839, yes
jarnik_prim, GNM, 0, 65536, 524288, 30, 20946886, yes
jarnik_prim, GNM, 1, 65536, 524288, 40, 20882315, yes
jarnik_prim, GNM, 2, 65536, 524288, 30, 21336168, yes
jarnik_prim, GNM, 3, 65536, 524288, 30, 20914134, yes
fast_kruskal, GNM, 0, 65536, 1048576, 30, 63795434, yes
fast_kruskal, GNM, 1, 65536, 1048576, 30, 63468732, yes
fast_kruskal, GNM, 2, 65536, 1048576, 30, 63427982, yes
fast_kruskal, GNM, 3, 65536, 1048576, 40, 63124279, yes
i_max_filter, GNM, 0, 65536, 1048576, 30, 35715476, yes
i_max_filter, GNM, 1, 65536, 1048576, 30, 35845728, yes
i_max_filter, GNM, 2, 65536, 1048576, 30, 35557215, yes
i_max_filter, GNM, 3, 65536, 1048576, 40, 35571565, yes
parallel_i_max_filter, GNM, 0, 65536, 1048576, 30, 32006438, yes
parallel_i_max_filter, GNM, 1, 65536, 1048576, 40, 32069599, yes
parallel_i_max_filter, GNM, 2, 65536, 1048576, 40, 31941659, yes
parallel_i_max_filter, GNM, 3, 65536, 1048576, 30, 32041949, yes
jarnik_prim, GNM, 0, 65536, 1048576, 30, 33309132, yes
jarnik_prim, GNM, 1, 65536, 1048576, 30, 35728497, yes
jarnik_prim, GNM, 2, 65536, 1048576, 40, 35293932, yes
jarnik_prim, GNM, 3, 65536, 1048576, 110, 34660436, yes
fast_kruskal, GNM, 0, 65536, 2097152, 30, 132287107, yes
fast_kruskal, GNM, 1, 65536, 2097152, 30, 131104687, yes
fast_kruskal, GNM, 2, 65536, 2097152, 30, 131360408, yes
fast_kruskal, GNM, 3, 65536, 2097152, 30, 131616551, yes
i_max_filter, GNM, 0, 65536, 2097152, 40, 49336996, yes
i_max_filter, GNM, 1, 65536, 2097152, 40, 47827111, yes
i_max_filter, GNM, 2, 65536, 2097152, 40, 48731212, yes
i_max_filter, GNM, 3, 65536, 2097152, 30, 48152664, yes
parallel_i_max_filter, GNM, 0, 65536, 2097152, 30, 41905821, yes
parallel_i_max_filter, GNM, 1, 65536, 2097152, 40, 41720068, yes
parallel_i_max_filter, GNM, 2, 65536, 2097152, 30, 42661488, yes
parallel_i_max_filter, GNM, 3, 65536, 2097152, 30, 43547037, yes
jarnik_prim, GNM, 0, 65536, 2097152, 40, 53988225, yes
jarnik_prim, GNM, 1, 65536, 2097152, 40, 52953843, yes
jarnik_prim, GNM, 2, 65536, 2097152, 30, 53436690, yes
jarnik_prim, GNM, 3, 65536, 2097152, 30, 52908553, yes
fast_kruskal, GNM, 0, 65536, 4194304, 40, 487165213, yes
fast_kruskal, GNM, 1, 65536, 4194304, 30, 274467308, yes
fast_kruskal, GNM, 2, 65536, 4194304, 30, 275561459, yes
fast_kruskal, GNM, 3, 65536, 4194304, 30, 275239745, yes
i_max_filter, GNM, 0, 65536, 4194304, 30, 70509194, yes
i_max_filter, GNM, 1, 65536, 4194304, 30, 76241433, yes
i_max_filter, GNM, 2, 65536, 4194304, 40, 69713906, yes
i_max_filter, GNM, 3, 65536, 4194304, 30, 74885699, yes
parallel_i_max_filter, GNM, 0, 65536, 4194304, 30, 57558130, yes
parallel_i_max_filter, GNM, 1, 65536, 4194304, 50, 61500911, yes
parallel_i_max_filter, GNM, 2, 65536, 4194304, 30, 61247448, yes
parallel_i_max_filter, GNM, 3, 65536, 4194304, 30, 62782803, yes
jarnik_prim, GNM, 0, 65536, 4194304, 40, 86871141, yes
jarnik_prim, GNM, 1, 65536, 4194304, 40, 86729860, yes
jarnik_prim, GNM, 2, 65536, 4194304, 30, 83152355, yes
jarnik_prim, GNM, 3, 65536, 4194304, 40, 85296196, yes
fast_kruskal, GNM, 0, 131072, 131072, 30, 12995053, yes
fast_kruskal, GNM, 1, 131072, 131072, 30, 10925583, yes
fast_kruskal, GNM, 2, 131072, 131072, 40, 10785551, yes
fast_kruskal, GNM, 3, 131072, 131072, 30, 10729860, yes
i_max_filter, GNM, 0, 131072, 131072, 40, 13457767, yes
i_max_filter, GNM, 1, 131072, 131072, 30, 13385698, yes
i_max_filter, GNM, 2, 131072, 131072, 40, 13371116, yes
i_max_filter, GNM, 3, 131072, 131072, 30, 13519598, yes
parallel_i_max_filter, GNM, 0, 131072, 131072, 30, 13456417, yes
parallel_i_max_filter, GNM, 1, 131072, 131072, 30, 13652331, yes
parallel_i_max_filter, GNM, 2, 131072, 131072, 30, 13350717, yes
parallel_i_max_filter, GNM, 3, 131072, 131072, 30, 13041163, yes
jarnik_prim, GNM, 0, 131072, 131072, 20, 13239596, yes
jarnik_prim, GNM, 1, 131072, 131072, 30, 13294736, yes
jarnik_prim, GNM, 2, 131072, 131072, 40, 13980994, yes
jarnik_prim, GNM, 3, 131072, 131072, 30, 13257255, yes
fast_kruskal, GNM, 0, 131072, 262144, 20, 20523271, yes
fast_kruskal, GNM, 1, 131072, 262144, 20, 19404220, yes
fast_kruskal, GNM, 2, 131072, 262144, 30, 19373458, yes
fast_kruskal, GNM, 3, 131072, 262144, 30, 19420479, yes
i_max_filter, GNM, 0, 131072, 262144, 30, 24265368, yes
i_max_filter, GNM, 1, 131072, 262144, 30, 23110007, yes
i_max_filter, GNM, 2, 131072, 262144, 30, 22589861, yes
i_max_filter, GNM, 3, 131072, 262144, 30, 22924524, yes
parallel_i_max_filter, GNM, 0, 131072, 262144, 20, 22821724, yes
parallel_i_max_filter, GNM, 1, 131072, 262144, 30, 22495131, yes
parallel_i_max_filter, GNM, 2, 131072, 262144, 20, 22681564, yes
parallel_i_max_filter, GNM, 3, 131072, 262144, 30, 26349581, yes
jarnik_prim, GNM, 0, 131072, 262144, 30, 24528552, yes
jarnik_prim, GNM, 1, 131072, 262144, 20, 23608043, yes
jarnik_prim, GNM, 2, 131072, 262144, 30, 23087948, yes
jarnik_prim, GNM, 3, 131072, 262144, 30, 22988366, yes
fast_kruskal, GNM, 0, 131072, 524288, 30, 33980479, yes
fast_kruskal, GNM, 1, 131072, 524288, 20, 32146520, yes
fast_kruskal, GNM, 2, 131072, 524288, 20, 32114970, yes
fast_kruskal, GNM, 3, 131072, 524288, 20, 32230781, yes
i_max_filter, GNM, 0, 131072, 524288, 30, 32831586, yes
i_max_filter, GNM, 1, 131072, 524288, 30, 34034479, yes
i_max_filter, GNM, 2, 131072, 524288, 30, 34888978, yes
i_max_filter, GNM, 3, 131072, 524288, 30, 35042210, yes
parallel_i_max_filter, GNM, 0, 131072, 524288, 20, 34730207, yes
parallel_i_max_filter, GNM, 1, 131072, 524288, 30, 35224281, yes
parallel_i_max_filter, GNM, 2, 131072, 524288, 30, 34105510, yes
parallel_i_max_filter, GNM, 3, 131072, 524288, 30, 34016149, yes
jarnik_prim, GNM, 0, 131072, 524288, 40, 34206622, yes
jarnik_prim, GNM, 1, 131072, 524288, 20, 34438233, yes
jarnik_prim, GNM, 2, 131072, 524288, 30, 33258011, yes
jarnik_prim, GNM, 3, 131072, 524288, 20, 34120881, yes
fast_kruskal, GNM, 0, 131072, 1048576, 30, 66214939, yes
fast_kruskal, GNM, 1, 131072, 1048576, 20, 65802105, yes
fast_kruskal, GNM, 2, 131072, 1048576, 30, 65688583, yes
fast_kruskal, GNM, 3, 131072, 1048576, 30, 65562632, yes
i_max_filter, GNM, 0, 131072, 1048576, 30, 48101804, yes
i_max_filter, GNM, 1, 131072, 1048576, 40, 48385908, yes
i_max_filter, GNM, 2, 131072, 1048576, 30, 49064003, yes
i_max_filter, GNM, 3, 131072, 1048576, 30, 49109084, yes
parallel_i_max_filter, GNM, 0, 131072, 1048576, 30, 50239136, yes
parallel_i_max_filter, GNM, 1, 131072, 1048576, 20, 50072744, yes
parallel_i_max_filter, GNM, 2, 131072, 1048576, 20, 49700861, yes
parallel_i_max_filter, GNM, 3, 131072, 1048576, 20, 50050803, yes
jarnik_prim, GNM, 0, 131072, 1048576, 30, 49110254, yes
jarnik_prim, GNM, 1, 131072, 1048576, 30, 51016684, yes
jarnik_prim, GNM, 2, 131072, 1048576, 20, 50738530, yes
jarnik_prim, GNM, 3, 131072, 1048576, 30, 58793174, yes
fast_kruskal, GNM, 0, 131072, 2097152, 30, 133994456, yes
fast_kruskal, GNM, 1, 131072, 2097152, 20, 136023385, yes
fast_kruskal, GNM, 2, 131072, 2097152, 30, 132798283, yes
fast_kruskal, GNM, 3, 131072, 2097152, 30, 132987005, yes
i_max_filter, GNM, 0, 131072, 2097152, 30, 82299325, yes
i_max_filter, GNM, 1, 131072, 2097152, 30, 81224063, yes
i_max_filter, GNM, 2, 131072, 2097152, 30, 81656279, yes
i_max_filter, GNM, 3, 131072, 2097152, 30, 81282894, yes
parallel_i_max_filter, GNM, 0, 131072, 2097152, 30, 73461214, yes
parallel_i_max_filter, GNM, 1, 131072, 2097152, 40, 71372183, yes
parallel_i_max_filter, GNM, 2, 131072, 2097152, 40, 72547145, yes
parallel_i_max_filter, GNM, 3, 131072, 2097152, 50, 72901378, yes
jarnik_prim, GNM, 0, 131072, 2097152, 40, 73781927, yes
jarnik_prim, GNM, 1, 131072, 2097152, 30, 71756045, yes
jarnik_prim, GNM, 2, 131072, 2097152, 40, 74014310, yes
jarnik_prim, GNM, 3, 131072, 2097152, 20, 74177711, yes
fast_kruskal, GNM, 0, 131072, 4194304, 40, 492762297, yes
fast_kruskal, GNM, 1, 131072, 4194304, 30, 270593856, yes
fast_kruskal, GNM, 2, 131072, 4194304, 40, 270406205, yes
fast_kruskal, GNM, 3, 131072, 4194304, 30, 273154053, yes
i_max_filter, GNM, 0, 131072, 4194304, 30, 120656427, yes
i_max_filter, GNM, 1, 131072, 4194304, 30, 116551636, yes
i_max_filter, GNM, 2, 131072, 4194304, 30, 115911760, yes
i_max_filter, GNM, 3, 131072, 4194304, 30, 115498214, yes
parallel_i_max_filter, GNM, 0, 131072, 4194304, 30, 97681242, yes
parallel_i_max_filter, GNM, 1, 131072, 4194304, 30, 96053005, yes
parallel_i_max_filter, GNM, 2, 131072, 4194304, 40, 101920566, yes
parallel_i_max_filter, GNM, 3, 131072, 4194304, 40, 96891114, yes
jarnik_prim, GNM, 0, 131072, 4194304, 20, 112217831, yes
jarnik_prim, GNM, 1, 131072, 4194304, 30, 115511106, yes
jarnik_prim, GNM, 2, 131072, 4194304, 40, 113319822, yes
jarnik_prim, GNM, 3, 131072, 4194304, 40, 113726927, yes
fast_kruskal, GNM, 0, 131072, 8388608, 40, 1080303894, yes
fast_kruskal, GNM, 1, 131072, 8388608, 40, 576503015, yes
fast_kruskal, GNM, 2, 131072, 8388608, 40, 581056361, yes
fast_kruskal, GNM, 3, 131072, 8388608, 30, 574288722, yes
i_max_filter, GNM, 0, 131072, 8388608, 30, 155289824, yes
i_max_filter, GNM, 1, 131072, 8388608, 40, 157231812, yes
i_max_filter, GNM, 2, 131072, 8388608, 40, 157079801, yes
i_max_filter, GNM, 3, 131072, 8388608, 40, 159103484, yes
parallel_i_max_filter, GNM, 0, 131072, 8388608, 30, 125207255, yes
parallel_i_max_filter, GNM, 1, 131072, 8388608, 30, 123332534, yes
parallel_i_max_filter, GNM, 2, 131072, 8388608, 30, 126794662, yes
parallel_i_max_filter, GNM, 3, 131072, 8388608, 30, 123456108, yes
jarnik_prim, GNM, 0, 131072, 8388608, 40, 173963574, yes
jarnik_prim, GNM, 1, 131072, 8388608, 20, 172573851, yes
jarnik_prim, GNM, 2, 131072, 8388608, 40, 172399240, yes
jarnik_prim, GNM, 3, 131072, 8388608, 30, 173650181, yes
fast_kruskal, GNM, 0, 262144, 262144, 30, 25061756, yes
fast_kruskal, GNM, 1, 262144, 262144, 20, 24405550, yes
fast_kruskal, GNM, 2, 262144, 262144, 20, 24617033, yes
fast_kruskal, GNM, 3, 262144, 262144, 20, 24470652, yes
i_max_filter, GNM, 0, 262144, 262144, 20, 34493945, yes
i_max_filter, GNM, 1, 262144, 262144, 20, 31598834, yes
i_max_filter, GNM, 2, 262144, 262144, 20, 32241090, yes
i_max_filter, GNM, 3, 262144, 262144, 20, 33103039, yes
parallel_i_max_filter, GNM, 0, 262144, 262144, 20, 31830357, yes
parallel_i_max_filter, GNM, 1, 262144, 262144, 20, 32121500, yes
parallel_i_max_filter, GNM, 2, 262144, 262144, 20, 31789817, yes
parallel_i_max_filter, GNM, 3, 262144, 262144, 30, 31100090, yes
jarnik_prim, GNM, 0, 262144, 262144, 20, 31354292, yes
jarnik_prim, GNM, 1, 262144, 262144, 30, 32201091, yes
jarnik_prim, GNM, 2, 262144, 262144, 20, 31224030, yes
jarnik_prim, GNM, 3, 262144, 262144, 40, 52168645, yes
fast_kruskal, GNM, 0, 262144, 524288, 30, 44483967, yes
fast_kruskal, GNM, 1, 262144, 524288, 30, 40783488, yes
fast_kruskal, GNM, 2, 262144, 524288, 40, 40857060, yes
fast_kruskal, GNM, 3, 262144, 524288, 30, 40686048, yes
i_max_filter, GNM, 0, 262144, 524288, 40, 53938413, yes
i_max_filter, GNM, 1, 262144, 524288, 40, 56524441, yes
i_max_filter, GNM, 2, 262144, 524288, 30, 56238606, yes
i_max_filter, GNM, 3, 262144, 524288, 30, 60356900, yes
parallel_i_max_filter, GNM, 0, 262144, 524288, 30, 55845523, yes
parallel_i_max_filter, GNM, 1, 262144, 524288, 30, 57010084, yes
parallel_i_max_filter, GNM, 2, 262144, 524288, 30, 56813413, yes
parallel_i_max_filter, GNM, 3, 262144, 524288, 30, 72551594, yes
jarnik_prim, GNM, 0, 262144, 524288, 30, 56644732, yes
jarnik_prim, GNM, 1, 262144, 524288, 30, 56443369, yes
jarnik_prim, GNM, 2, 262144, 524288, 30, 56270319, yes
jarnik_prim, GNM, 3, 262144, 524288, 30, 57335718, yes
fast_kruskal, GNM, 0, 262144, 1048576, 30, 71461352, yes
fast_kruskal, GNM, 1, 262144, 1048576, 30, 70770225, yes
fast_kruskal, GNM, 2, 262144, 1048576, 40, 71367713, yes
fast_kruskal, GNM, 3, 262144, 1048576, 30, 70632884, yes
i_max_filter, GNM, 0, 262144, 1048576, 30, 80390976, yes
i_max_filter, GNM, 1, 262144, 1048576, 30, 81865319, yes
i_max_filter, GNM, 2, 262144, 1048576, 30, 80090722, yes
i_max_filter, GNM, 3, 262144, 1048576, 30, 80261813, yes
parallel_i_max_filter, GNM, 0, 262144, 1048576, 30, 80830089, yes
parallel_i_max_filter, GNM, 1, 262144, 1048576, 30, 80996770, yes
parallel_i_max_filter, GNM, 2, 262144, 1048576, 30, 81262724, yes
parallel_i_max_filter, GNM, 3, 262144, 1048576, 30, 82618027, yes
jarnik_prim, GNM, 0, 262144, 1048576, 30, 83921292, yes
jarnik_prim, GNM, 1, 262144, 1048576, 30, 82558578, yes
jarnik_prim, GNM, 2, 262144, 1048576, 20, 84381306, yes
jarnik_prim, GNM, 3, 262144, 1048576, 20, 82273255, yes
fast_kruskal, GNM, 0, 262144, 2097152, 20, 138268088, yes
fast_kruskal, GNM, 1, 262144, 2097152, 10, 137669443, yes
fast_kruskal, GNM, 2, 262144, 2097152, 10, 137790812, yes
fast_kruskal, GNM, 3, 262144, 2097152, 40, 137642342, yes
i_max_filter, GNM, 0, 262144, 2097152, 20, 107166109, yes
i_max_filter, GNM, 1, 262144, 2097152, 20, 108784026, yes
i_max_filter, GNM, 2, 262144, 2097152, 20, 105953487, yes
i_max_filter, GNM, 3, 262144, 2097152, 20, 104374710, yes
parallel_i_max_filter, GNM, 0, 262144, 2097152, 20, 106248369, yes
parallel_i_max_filter, GNM, 1, 262144, 2097152, 30, 142068048, yes
parallel_i_max_filter, GNM, 2, 262144, 2097152, 30, 154623446, yes
parallel_i_max_filter, GNM, 3, 262144, 2097152, 30, 105939806, yes
jarnik_prim, GNM, 0, 262144, 2097152, 40, 107197069, yes
jarnik_prim, GNM, 1, 262144, 2097152, 30, 107642194, yes
jarnik_prim, GNM, 2, 262144, 2097152, 40, 106755905, yes
jarnik_prim, GNM, 3, 262144, 2097152, 20, 107733985, yes
fast_kruskal, GNM, 0, 262144, 4194304, 30, 474953451, yes
fast_kruskal, GNM, 1, 262144, 4194304, 10, 279486536, yes
fast_kruskal, GNM, 2, 262144, 4194304, 20, 278416926, yes
fast_kruskal, GNM, 3, 262144, 4194304, 30, 280244804, yes
i_max_filter, GNM, 0, 262144, 4194304, 30, 207502299, yes
i_max_filter, GNM, 1, 262144, 4194304, 30, 215776473, yes
i_max_filter, GNM, 2, 262144, 4194304, 40, 205055954, yes
i_max_filter, GNM, 3, 262144, 4194304, 40, 207953403, yes
parallel_i_max_filter, GNM, 0, 262144, 4194304, 30, 179195139, yes
parallel_i_max_filter, GNM, 1, 262144, 4194304, 40, 177434219, yes
parallel_i_max_filter, GNM, 2, 262144, 4194304, 30, 177289778, yes
parallel_i_max_filter, GNM, 3, 262144, 4194304, 30, 178575511, yes
jarnik_prim, GNM, 0, 262144, 4194304, 20, 160023751, yes
jarnik_prim, GNM, 1, 262144, 4194304, 30, 160280854, yes
jarnik_prim, GNM, 2, 262144, 4194304, 40, 156784088, yes
jarnik_prim, GNM, 3, 262144, 4194304, 20, 160157422, yes
fast_kruskal, GNM, 0, 262144, 8388608, 30, 1033048343, yes
fast_kruskal, GNM, 1, 262144, 8388608, 30, 569804643, yes
fast_kruskal, GNM, 2, 262144, 8388608, 30, 566185396, yes
fast_kruskal, GNM, 3, 262144, 8388608, 30, 565362518, yes
i_max_filter, GNM, 0, 262144, 8388608, 30, 267651985, yes
i_max_filter, GNM, 1, 262144, 8388608, 30, 267676434, yes
i_max_filter, GNM, 2, 262144, 8388608, 30, 272787827, yes
i_max_filter, GNM, 3, 262144, 8388608, 30, 267249431, yes
parallel_i_max_filter, GNM, 0, 262144, 8388608, 30, 222353389, yes
parallel_i_max_filter, GNM, 1, 262144, 8388608, 10, 221715163, yes
parallel_i_max_filter, GNM, 2, 262144, 8388608, 30, 222025346, yes
parallel_i_max_filter, GNM, 3, 262144, 8388608, 30, 226448312, yes
jarnik_prim, GNM, 0, 262144, 8388608, 30, 232704206, yes
jarnik_prim, GNM, 1, 262144, 8388608, 40, 231908698, yes
jarnik_prim, GNM, 2, 262144, 8388608, 20, 234251461, yes
jarnik_prim, GNM, 3, 262144, 8388608, 30, 232476314, yes
fast_kruskal, GNM, 0, 262144, 16777216, 30, 2204868331, yes
fast_kruskal, GNM, 1, 262144, 16777216, 20, 1178236098, yes
fast_kruskal, GNM, 2, 262144, 16777216, 30, 1176733673, yes
fast_kruskal, GNM, 3, 262144, 16777216, 30, 1179449571, yes
i_max_filter, GNM, 0, 262144, 16777216, 30, 361535125, yes
i_max_filter, GNM, 1, 262144, 16777216, 30, 359695077, yes
i_max_filter, GNM, 2, 262144, 16777216, 30, 355133790, yes
i_max_filter, GNM, 3, 262144, 16777216, 30, 355900048, yes
parallel_i_max_filter, GNM, 0, 262144, 16777216, 20, 276741486, yes
parallel_i_max_filter, GNM, 1, 262144, 16777216, 30, 273001709, yes
parallel_i_max_filter, GNM, 2, 262144, 16777216, 30, 272831585, yes
parallel_i_max_filter, GNM, 3, 262144, 16777216, 30, 271704895, yes
jarnik_prim, GNM, 0, 262144, 16777216, 30, 351539393, yes
jarnik_prim, GNM, 1, 262144, 16777216, 30, 349687224, yes
jarnik_prim, GNM, 2, 262144, 16777216, 30, 347673872, yes
jarnik_prim, GNM, 3, 262144, 16777216, 20, 349604443, yes
fast_kruskal, GNM, 0, 524288, 524288, 20, 44450386, yes
fast_kruskal, GNM, 1, 524288, 524288, 20, 44186002, yes
fast_kruskal, GNM, 2, 524288, 524288, 30, 44322085, yes
fast_kruskal, GNM, 3, 524288, 524288, 20, 44434005, yes
i_max_filter, GNM, 0, 524288, 524288, 20, 88695928, yes
i_max_filter, GNM, 1, 524288, 524288, 20, 88302725, yes
i_max_filter, GNM, 2, 524288, 524288, 20, 85536136, yes
i_max_filter, GNM, 3, 524288, 524288, 20, 86512386, yes
parallel_i_max_filter, GNM, 0, 524288, 524288, 20, 88005442, yes
parallel_i_max_filter, GNM, 1, 524288, 524288, 20, 88061422, yes
parallel_i_max_filter, GNM, 2, 524288, 524288, 20, 87958921, yes
parallel_i_max_filter, GNM, 3, 524288, 524288, 20, 90590058, yes
jarnik_prim, GNM, 0, 524288, 524288, 20, 93672939, yes
jarnik_prim, GNM, 1, 524288, 524288, 20, 89108895, yes
jarnik_prim, GNM, 2, 524288, 524288, 20, 88783860, yes
jarnik_prim, GNM, 3, 524288, 524288, 10, 88797330, yes
fast_kruskal, GNM, 0, 524288, 1048576, 20, 79426864, yes
fast_kruskal, GNM, 1, 524288, 1048576, 20, 78996959, yes
fast_kruskal, GNM, 2, 524288, 1048576, 20, 79202882, yes
fast_kruskal, GNM, 3, 524288, 1048576, 20, 78999859, yes
i_max_filter, GNM, 0, 524288, 1048576, 20, 142622142, yes
i_max_filter, GNM, 1, 524288, 1048576, 20, 142519500, yes
i_max_filter, GNM, 2, 524288, 1048576, 20, 141452600, yes
i_max_filter, GNM, 3, 524288, 1048576, 30, 142218296, yes
parallel_i_max_filter, GNM, 0, 524288, 1048576, 20, 142062756, yes
parallel_i_max_filter, GNM, 1, 524288, 1048576, 20, 142309439, yes
parallel_i_max_filter, GNM, 2, 524288, 1048576, 20, 144005566, yes
parallel_i_max_filter, GNM, 3, 524288, 1048576, 20, 143199576, yes
jarnik_prim, GNM, 0, 524288, 1048576, 10, 142576001, yes
jarnik_prim, GNM, 1, 524288, 1048576, 20, 142852494, yes
jarnik_prim, GNM, 2, 524288, 1048576, 20, 149435922, yes
jarnik_prim, GNM, 3, 524288, 1048576, 30, 141564691, yes
fast_kruskal, GNM, 0, 524288, 2097152, 20, 146306440, yes
fast_kruskal, GNM, 1, 524288, 2097152, 20, 145596823, yes
fast_kruskal, GNM, 2, 524288, 2097152, 30, 145346318, yes
fast_kruskal, GNM, 3, 524288, 2097152, 20, 145363750, yes
i_max_filter, GNM, 0, 524288, 2097152, 20, 199881517, yes
i_max_filter, GNM, 1, 524288, 2097152, 20, 197872377, yes
i_max_filter, GNM, 2, 524288, 2097152, 20, 197751976, yes
i_max_filter, GNM, 3, 524288, 2097152, 20, 197126970, yes
parallel_i_max_filter, GNM, 0, 524288, 2097152, 20, 196978519, yes
parallel_i_max_filter, GNM, 1, 524288, 2097152, 20, 197947168, yes
parallel_i_max_filter, GNM, 2, 524288, 2097152, 20, 197695765, yes
parallel_i_max_filter, GNM, 3, 524288, 2097152, 30, 198579614, yes
jarnik_prim, GNM, 0, 524288, 2097152, 20, 199819136, yes
jarnik_prim, GNM, 1, 524288, 2097152, 30, 197462952, yes
jarnik_prim, GNM, 2, 524288, 2097152, 20, 199500955, yes
jarnik_prim, GNM, 3, 524288, 2097152, 10, 198715355, yes
fast_kruskal, GNM, 0, 524288, 4194304, 30, 487930078, yes
fast_kruskal, GNM, 1, 524288, 4194304, 20, 287852639, yes
fast_kruskal, GNM, 2, 524288, 4194304, 30, 289343924, yes
fast_kruskal, GNM, 3, 524288, 4194304, 20, 288217653, yes
i_max_filter, GNM, 0, 524288, 4194304, 30, 241543935, yes
i_max_filter, GNM, 1, 524288, 4194304, 10, 237632863, yes
i_max_filter, GNM, 2, 524288, 4194304, 30, 241621414, yes
i_max_filter, GNM, 3, 524288, 4194304, 30, 242273363, yes
parallel_i_max_filter, GNM, 0, 524288, 4194304, 30, 236257391, yes
parallel_i_max_filter, GNM, 1, 524288, 4194304, 20, 238921198, yes
parallel_i_max_filter, GNM, 2, 524288, 4194304, 30, 238478273, yes
parallel_i_max_filter, GNM, 3, 524288, 4194304, 20, 238536155, yes
jarnik_prim, GNM, 0, 524288, 4194304, 20, 237244850, yes
jarnik_prim, GNM, 1, 524288, 4194304, 20, 236026419, yes
jarnik_prim, GNM, 2, 524288, 4194304, 30, 233558212, yes
jarnik_prim, GNM, 3, 524288, 4194304, 40, 236501292, yes
fast_kruskal, GNM, 0, 524288, 8388608, 40, 1046443478, yes
fast_kruskal, GNM, 1, 524288, 8388608, 30, 579745089, yes
fast_kruskal, GNM, 2, 524288, 8388608, 20, 583834659, yes
fast_kruskal, GNM, 3, 524288, 8388608, 30, 585424167, yes
i_max_filter, GNM, 0, 524288, 8388608, 20, 511650359, yes
i_max_filter, GNM, 1, 524288, 8388608, 20, 511180016, yes
i_max_filter, GNM, 2, 524288, 8388608, 30, 511203226, yes
i_max_filter, GNM, 3, 524288, 8388608, 20, 511087485, yes
parallel_i_max_filter, GNM, 0, 524288, 8388608, 20, 448887307, yes
parallel_i_max_filter, GNM, 1, 524288, 8388608, 30, 442884986, yes
parallel_i_max_filter, GNM, 2, 524288, 8388608, 20, 445344861, yes
parallel_i_max_filter, GNM, 3, 524288, 8388608, 20, 444470303, yes
jarnik_prim, GNM, 0, 524288, 8388608, 20, 339049292, yes
jarnik_prim, GNM, 1, 524288, 8388608, 30, 341490987, yes
jarnik_prim, GNM, 2, 524288, 8388608, 20, 342766511, yes
jarnik_prim, GNM, 3, 524288, 8388608, 10, 339631948, yes
fast_kruskal, GNM, 0, 524288, 16777216, 30, 2219755289, yes
fast_kruskal, GNM, 1, 524288, 16777216, 20, 1180389767, yes
fast_kruskal, GNM, 2, 524288, 16777216, 20, 1188364777, yes
fast_kruskal, GNM, 3, 524288, 16777216, 30, 1172795427, yes
i_max_filter, GNM, 0, 524288, 16777216, 30, 671361315, yes
i_max_filter, GNM, 1, 524288, 16777216, 30, 669893049, yes
i_max_filter, GNM, 2, 524288, 16777216, 30, 670056509, yes
i_max_filter, GNM, 3, 524288, 16777216, 40, 671970900, yes
parallel_i_max_filter, GNM, 0, 524288, 16777216, 20, 553662877, yes
parallel_i_max_filter, GNM, 1, 524288, 16777216, 40, 555960191, yes
parallel_i_max_filter, GNM, 2, 524288, 16777216, 30, 560989193, yes
parallel_i_max_filter, GNM, 3, 524288, 16777216, 40, 558098773, yes
jarnik_prim, GNM, 0, 524288, 16777216, 30, 483623921, yes
jarnik_prim, GNM, 1, 524288, 16777216, 20, 487965405, yes
jarnik_prim, GNM, 2, 524288, 16777216, 30, 481022005, yes
jarnik_prim, GNM, 3, 524288, 16777216, 20, 481473998, yes
fast_kruskal, GNM, 0, 524288, 33554432, 30, 4596335730, yes
fast_kruskal, GNM, 1, 524288, 33554432, 30, 2439447566, yes
fast_kruskal, GNM, 2, 524288, 33554432, 30, 2433855016, yes
fast_kruskal, GNM, 3, 524288, 33554432, 30, 2419989313, yes
i_max_filter, GNM, 0, 524288, 33554432, 30, 858183340, yes
i_max_filter, GNM, 1, 524288, 33554432, 40, 863588096, yes
i_max_filter, GNM, 2, 524288, 33554432, 30, 858407253, yes
i_max_filter, GNM, 3, 524288, 33554432, 30, 855017808, yes
parallel_i_max_filter, GNM, 0, 524288, 33554432, 30, 663415878, yes
parallel_i_max_filter, GNM, 1, 524288, 33554432, 40, 663217485, yes
parallel_i_max_filter, GNM, 2, 524288, 33554432, 30, 662507978, yes
parallel_i_max_filter, GNM, 3, 524288, 33554432, 30, 660678009, yes
jarnik_prim, GNM, 0, 524288, 33554432, 30, 698119112, yes
jarnik_prim, GNM, 1, 524288, 33554432, 40, 699676208, yes
jarnik_prim, GNM, 2, 524288, 33554432, 30, 698728298, yes
jarnik_prim, GNM, 3, 524288, 33554432, 30, 696109541, yes
fast_kruskal, GNM, 0, 1048576, 1048576, 20, 86130131, yes
fast_kruskal, GNM, 1, 1048576, 1048576, 30, 85271022, yes
fast_kruskal, GNM, 2, 1048576, 1048576, 20, 86147651, yes
fast_kruskal, GNM, 3, 1048576, 1048576, 30, 85774399, yes
i_max_filter, GNM, 0, 1048576, 1048576, 30, 232777561, yes
i_max_filter, GNM, 1, 1048576, 1048576, 30, 232738361, yes
i_max_filter, GNM, 2, 1048576, 1048576, 30, 234052024, yes
i_max_filter, GNM, 3, 1048576, 1048576, 20, 230860182, yes
parallel_i_max_filter, GNM, 0, 1048576, 1048576, 30, 232153004, yes
parallel_i_max_filter, GNM, 1, 1048576, 1048576, 30, 232961103, yes
parallel_i_max_filter, GNM, 2, 1048576, 1048576, 40, 230947332, yes
parallel_i_max_filter, GNM, 3, 1048576, 1048576, 30, 233397437, yes
jarnik_prim, GNM, 0, 1048576, 1048576, 40, 233421568, yes
jarnik_prim, GNM, 1, 1048576, 1048576, 30, 231753650, yes
jarnik_prim, GNM, 2, 1048576, 1048576, 30, 233708721, yes
jarnik_prim, GNM, 3, 1048576, 1048576, 30, 235090365, yes
fast_kruskal, GNM, 0, 1048576, 2097152, 30, 160688904, yes
fast_kruskal, GNM, 1, 1048576, 2097152, 40, 159869315, yes
fast_kruskal, GNM, 2, 1048576, 2097152, 30, 159844965, yes
fast_kruskal, GNM, 3, 1048576, 2097152, 30, 160987196, yes
i_max_filter, GNM, 0, 1048576, 2097152, 30, 364548568, yes
i_max_filter, GNM, 1, 1048576, 2097152, 30, 362910482, yes
i_max_filter, GNM, 2, 1048576, 2097152, 30, 360223994, yes
i_max_filter, GNM, 3, 1048576, 2097152, 30, 362180254, yes
parallel_i_max_filter, GNM, 0, 1048576, 2097152, 30, 362858122, yes
parallel_i_max_filter, GNM, 1, 1048576, 2097152, 20, 361865681, yes
parallel_i_max_filter, GNM, 2, 1048576, 2097152, 30, 360251385, yes
parallel_i_max_filter, GNM, 3, 1048576, 2097152, 40, 363288104, yes
jarnik_prim, GNM, 0, 1048576, 2097152, 40, 363236975, yes
jarnik_prim, GNM, 1, 1048576, 2097152, 100, 363041823, yes
jarnik_prim, GNM, 2, 1048576, 2097152, 30, 361064073, yes
jarnik_prim, GNM, 3, 1048576, 2097152, 40, 361973200, yes
fast_kruskal, GNM, 0, 1048576, 4194304, 40, 493014301, yes
fast_kruskal, GNM, 1, 1048576, 4194304, 40, 303222471, yes
fast_kruskal, GNM, 2, 1048576, 4194304, 30, 303873816, yes
fast_kruskal, GNM, 3, 1048576, 4194304, 40, 302060150, yes
i_max_filter, GNM, 0, 1048576, 4194304, 40, 469902286, yes
i_max_filter, GNM, 1, 1048576, 4194304, 40, 465642331, yes
i_max_filter, GNM, 2, 1048576, 4194304, 30, 466661722, yes
i_max_filter, GNM, 3, 1048576, 4194304, 30, 467443559, yes
parallel_i_max_filter, GNM, 0, 1048576, 4194304, 30, 472548781, yes
parallel_i_max_filter, GNM, 1, 1048576, 4194304, 40, 470911115, yes
parallel_i_max_filter, GNM, 2, 1048576, 4194304, 40, 469487701, yes
parallel_i_max_filter, GNM, 3, 1048576, 4194304, 30, 467764264, yes
jarnik_prim, GNM, 0, 1048576, 4194304, 20, 467854433, yes
jarnik_prim, GNM, 1, 1048576, 4194304, 40, 469671153, yes
jarnik_prim, GNM, 2, 1048576, 4194304, 30, 475206109, yes
jarnik_prim, GNM, 3, 1048576, 4194304, 30, 472541742, yes
fast_kruskal, GNM, 0, 1048576, 8388608, 30, 1055679053, yes
fast_kruskal, GNM, 1, 1048576, 8388608, 30, 598902504, yes
fast_kruskal, GNM, 2, 1048576, 8388608, 30, 596254655, yes
fast_kruskal, GNM, 3, 1048576, 8388608, 40, 594814061, yes
i_max_filter, GNM, 0, 1048576, 8388608, 30, 577133539, yes
i_max_filter, GNM, 1, 1048576, 8388608, 30, 572283181, yes
i_max_filter, GNM, 2, 1048576, 8388608, 30, 576946148, yes
i_max_filter, GNM, 3, 1048576, 8388608, 90, 571927148, yes
parallel_i_max_filter, GNM, 0, 1048576, 8388608, 20, 575674115, yes
parallel_i_max_filter, GNM, 1, 1048576, 8388608, 30, 569278309, yes
parallel_i_max_filter, GNM, 2, 1048576, 8388608, 30, 569231181, yes
parallel_i_max_filter, GNM, 3, 1048576, 8388608, 30, 576178280, yes
jarnik_prim, GNM, 0, 1048576, 8388608, 30, 566900605, yes
jarnik_prim, GNM, 1, 1048576, 8388608, 30, 573734295, yes
jarnik_prim, GNM, 2, 1048576, 8388608, 30, 572229139, yes
jarnik_prim, GNM, 3, 1048576, 8388608, 30, 572750455, yes
fast_kruskal, GNM, 0, 1048576, 16777216, 40, 2228945853, yes
fast_kruskal, GNM, 1, 1048576, 16777216, 20, 1189170456, yes
fast_kruskal, GNM, 2, 1048576, 16777216, 30, 1187167565, yes
fast_kruskal, GNM, 3, 1048576, 16777216, 20, 1191213226, yes
i_max_filter, GNM, 0, 1048576, 16777216, 30, 1336080437, yes
i_max_filter, GNM, 1, 1048576, 16777216, 30, 1322836701, yes
i_max_filter, GNM, 2, 1048576, 16777216, 30, 1336149046, yes
i_max_filter, GNM, 3, 1048576, 16777216, 30, 1333407468, yes
parallel_i_max_filter, GNM, 0, 1048576, 16777216, 30, 1188940731, yes
parallel_i_max_filter, GNM, 1, 1048576, 16777216, 40, 1179417184, yes
parallel_i_max_filter, GNM, 2, 1048576, 16777216, 20, 1183676578, yes
parallel_i_max_filter, GNM, 3, 1048576, 16777216, 30, 1183961639, yes
jarnik_prim, GNM, 0, 1048576, 16777216, 40, 797228098, yes
jarnik_prim, GNM, 1, 1048576, 16777216, 40, 802041236, yes
jarnik_prim, GNM, 2, 1048576, 16777216, 40, 791883692, yes
jarnik_prim, GNM, 3, 1048576, 16777216, 40, 798553790, yes
fast_kruskal, GNM, 0, 1048576, 33554432, 40, 4582903006, yes
fast_kruskal, GNM, 1, 1048576, 33554432, 30, 2405102773, yes
fast_kruskal, GNM, 2, 1048576, 33554432, 30, 2412404747, yes
fast_kruskal, GNM, 3, 1048576, 33554432, 30, 2405366175, yes
i_max_filter, GNM, 0, 1048576, 33554432, 40, 1709283343, yes
i_max_filter, GNM, 1, 1048576, 33554432, 30, 1702193360, yes
i_max_filter, GNM, 2, 1048576, 33554432, 30, 1701818445, yes
i_max_filter, GNM, 3, 1048576, 33554432, 20, 1694320569, yes
parallel_i_max_filter, GNM, 0, 1048576, 33554432, 30, 1415966234, yes
parallel_i_max_filter, GNM, 1, 1048576, 33554432, 40, 1450709639, yes
parallel_i_max_filter, GNM, 2, 1048576, 33554432, 40, 1438426074, yes
parallel_i_max_filter, GNM, 3, 1048576, 33554432, 40, 1430728686, yes
jarnik_prim, GNM, 0, 1048576, 33554432, 40, 1134937463, yes
jarnik_prim, GNM, 1, 1048576, 33554432, 30, 1141854664, yes
jarnik_prim, GNM, 2, 1048576, 33554432, 30, 1129490087, yes
jarnik_prim, GNM, 3, 1048576, 33554432, 40, 1128456935, yes
fast_kruskal, GNM, 0, 1048576, 67108864, 30, 9623277923, yes
fast_kruskal, GNM, 1, 1048576, 67108864, 30, 5110257793, yes
fast_kruskal, GNM, 2, 1048576, 67108864, 30, 5084477528, yes
fast_kruskal, GNM, 3, 1048576, 67108864, 30, 5117445902, yes
i_max_filter, GNM, 0, 1048576, 67108864, 30, 2207156015, yes
i_max_filter, GNM, 1, 1048576, 67108864, 30, 2201921282, yes
i_max_filter, GNM, 2, 1048576, 67108864, 30, 2216418269, yes
i_max_filter, GNM, 3, 1048576, 67108864, 30, 2201576297, yes
parallel_i_max_filter, GNM, 0, 1048576, 67108864, 40, 1710169820, yes
parallel_i_max_filter, GNM, 1, 1048576, 67108864, 30, 1709953688, yes
parallel_i_max_filter, GNM, 2, 1048576, 67108864, 30, 1712475493, yes
parallel_i_max_filter, GNM, 3, 1048576, 67108864, 30, 1718664296, yes
jarnik_prim, GNM, 0, 1048576, 67108864, 30, 1639487317, yes
jarnik_prim, GNM, 1, 1048576, 67108864, 40, 1644946092, yes
jarnik_prim, GNM, 2, 1048576, 67108864, 30, 1638272284, yes
jarnik_prim, GNM, 3, 1048576, 67108864, 40, 1640770338, yes
fast_kruskal, GNM, 0, 2097152, 2097152, 40, 191751558, yes
fast_kruskal, GNM, 1, 2097152, 2097152, 40, 191627567, yes
fast_kruskal, GNM, 2, 2097152, 2097152, 40, 192316362, yes
fast_kruskal, GNM, 3, 2097152, 2097152, 20, 191224102, yes
i_max_filter, GNM, 0, 2097152, 2097152, 20, 584268344, yes
i_max_filter, GNM, 1, 2097152, 2097152, 20, 580555986, yes
i_max_filter, GNM, 2, 2097152, 2097152, 30, 579265553, yes
i_max_filter, GNM, 3, 2097152, 2097152, 30, 583386625, yes
parallel_i_max_filter, GNM, 0, 2097152, 2097152, 30, 584739969, yes
parallel_i_max_filter, GNM, 1, 2097152, 2097152, 30, 580175642, yes
parallel_i_max_filter, GNM, 2, 2097152, 2097152, 30, 579642097, yes
parallel_i_max_filter, GNM, 3, 2097152, 2097152, 30, 579296942, yes
jarnik_prim, GNM, 0, 2097152, 2097152, 30, 584991680, yes
jarnik_prim, GNM, 1, 2097152, 2097152, 20, 579945980, yes
jarnik_prim, GNM, 2, 2097152, 2097152, 40, 580023141, yes
jarnik_prim, GNM, 3, 2097152, 2097152, 40, 579783537, yes
fast_kruskal, GNM, 0, 2097152, 4194304, 40, 345685078, yes
fast_kruskal, GNM, 1, 2097152, 4194304, 30, 345685888, yes
fast_kruskal, GNM, 2, 2097152, 4194304, 20, 345934259, yes
fast_kruskal, GNM, 3, 2097152, 4194304, 30, 347568646, yes
i_max_filter, GNM, 0, 2097152, 4194304, 20, 870850489, yes
i_max_filter, GNM, 1, 2097152, 4194304, 30, 869232441, yes
i_max_filter, GNM, 2, 2097152, 4194304, 30, 870699236, yes
i_max_filter, GNM, 3, 2097152, 4194304, 20, 875241312, yes
parallel_i_max_filter, GNM, 0, 2097152, 4194304, 30, 864425882, yes
parallel_i_max_filter, GNM, 1, 2097152, 4194304, 20, 866448013, yes
parallel_i_max_filter, GNM, 2, 2097152, 4194304, 30, 866395352, yes
parallel_i_max_filter, GNM, 3, 2097152, 4194304, 30, 872443794, yes
jarnik_prim, GNM, 0, 2097152, 4194304, 30, 867520922, yes
jarnik_prim, GNM, 1, 2097152, 4194304, 30, 871632915, yes
jarnik_prim, GNM, 2, 2097152, 4194304, 20, 873456214, yes
jarnik_prim, GNM, 3, 2097152, 4194304, 40, 863117639, yes
fast_kruskal, GNM, 0, 2097152, 8388608, 40, 1101211267, yes
fast_kruskal, GNM, 1, 2097152, 8388608, 30, 651848182, yes
fast_kruskal, GNM, 2, 2097152, 8388608, 20, 651546219, yes
fast_kruskal, GNM, 3, 2097152, 8388608, 30, 650924393, yes
i_max_filter, GNM, 0, 2097152, 8388608, 40, 1137171374, yes
i_max_filter, GNM, 1, 2097152, 8388608, 30, 1134329887, yes
i_max_filter, GNM, 2, 2097152, 8388608, 30, 1136231752, yes
i_max_filter, GNM, 3, 2097152, 8388608, 20, 1132776473, yes
parallel_i_max_filter, GNM, 0, 2097152, 8388608, 40, 1136072680, yes
parallel_i_max_filter, GNM, 1, 2097152, 8388608, 40, 1140854627, yes
parallel_i_max_filter, GNM, 2, 2097152, 8388608, 30, 1140864598, yes
parallel_i_max_filter, GNM, 3, 2097152, 8388608, 30, 1134659178, yes
jarnik_prim, GNM, 0, 2097152, 8388608, 40, 1134677410, yes
jarnik_prim, GNM, 1, 2097152, 8388608, 40, 1140316524, yes
jarnik_prim, GNM, 2, 2097152, 8388608, 40, 1140126134, yes
jarnik_prim, GNM, 3, 2097152, 8388608, 30, 1135089078, yes
fast_kruskal, GNM, 0, 2097152, 16777216, 30, 2271957982, yes
fast_kruskal, GNM, 1, 2097152, 16777216, 40, 1285845975, yes
fast_kruskal, GNM, 2, 2097152, 16777216, 30, 1271835846, yes
fast_kruskal, GNM, 3, 2097152, 16777216, 40, 1277278228, yes
i_max_filter, GNM, 0, 2097152, 16777216, 40, 1432011863, yes
i_max_filter, GNM, 1, 2097152, 16777216, 30, 1430729248, yes
i_max_filter, GNM, 2, 2097152, 16777216, 30, 1429394870, yes
i_max_filter, GNM, 3, 2097152, 16777216, 40, 1491533734, yes
parallel_i_max_filter, GNM, 0, 2097152, 16777216, 30, 1429042033, yes
parallel_i_max_filter, GNM, 1, 2097152, 16777216, 30, 1428494084, yes
parallel_i_max_filter, GNM, 2, 2097152, 16777216, 30, 1430414894, yes
parallel_i_max_filter, GNM, 3, 2097152, 16777216, 80, 1423189042, yes
jarnik_prim, GNM, 0, 2097152, 16777216, 30, 1431352082, yes
jarnik_prim, GNM, 1, 2097152, 16777216, 30, 1430812005, yes
jarnik_prim, GNM, 2, 2097152, 16777216, 30, 1430005525, yes
jarnik_prim, GNM, 3, 2097152, 16777216, 30, 1430355919, yes
fast_kruskal, GNM, 0, 2097152, 33554432, 30, 4681527981, yes
fast_kruskal, GNM, 1, 2097152, 33554432, 30, 2535569521, yes
fast_kruskal, GNM, 2, 2097152, 33554432, 30, 2529473366, yes
fast_kruskal, GNM, 3, 2097152, 33554432, 30, 2524223861, yes
i_max_filter, GNM, 0, 2097152, 33554432, 30, 3335465491, yes
i_max_filter, GNM, 1, 2097152, 33554432, 30, 3345973331, yes
i_max_filter, GNM, 2, 2097152, 33554432, 40, 3343246612, yes
i_max_filter, GNM, 3, 2097152, 33554432, 30, 3344815104, yes
parallel_i_max_filter, GNM, 0, 2097152, 33554432, 30, 2981901743, yes
parallel_i_max_filter, GNM, 1, 2097152, 33554432, 40, 2980822821, yes
parallel_i_max_filter, GNM, 2, 2097152, 33554432, 30, 2969515967, yes
parallel_i_max_filter, GNM, 3, 2097152, 33554432, 40, 2978487118, yes
jarnik_prim, GNM, 0, 2097152, 33554432, 40, 2032057166, yes
jarnik_prim, GNM, 1, 2097152, 33554432, 30, 2030626875, yes
jarnik_prim, GNM, 2, 2097152, 33554432, 40, 2032435247, yes
jarnik_prim, GNM, 3, 2097152, 33554432, 40, 2026855749, yes
fast_kruskal, GNM, 0, 2097152, 67108864, 30, 9592280579, yes
fast_kruskal, GNM, 1, 2097152, 67108864, 30, 5073260140, yes
fast_kruskal, GNM, 2, 2097152, 67108864, 30, 5050497317, yes
fast_kruskal, GNM, 3, 2097152, 67108864, 30, 5090415277, yes
i_max_filter, GNM, 0, 2097152, 67108864, 40, 4392872394, yes
i_max_filter, GNM, 1, 2097152, 67108864, 40, 4415391898, yes
i_max_filter, GNM, 2, 2097152, 67108864, 30, 4391992126, yes
i_max_filter, GNM, 3, 2097152, 67108864, 30, 4400659014, yes
parallel_i_max_filter, GNM, 0, 2097152, 67108864, 30, 3679283519, yes
parallel_i_max_filter, GNM, 1, 2097152, 67108864, 40, 3690281754, yes
parallel_i_max_filter, GNM, 2, 2097152, 67108864, 40, 3733209100, yes
parallel_i_max_filter, GNM, 3, 2097152, 67108864, 30, 3703747527, yes
jarnik_prim, GNM, 0, 2097152, 67108864, 40, 2986833500, yes
jarnik_prim, GNM, 1, 2097152, 67108864, 40, 2972090166, yes
jarnik_prim, GNM, 2, 2097152, 67108864, 40, 2952313960, yes
jarnik_prim, GNM, 3, 2097152, 67108864, 40, 2964581038, yes
fast_kruskal, GNM, 0, 2097152, 134217728, 40, 19942575517, yes
fast_kruskal, GNM, 1, 2097152, 134217728, 30, 10594102588, yes
fast_kruskal, GNM, 2, 2097152, 134217728, 40, 10549077588, yes
fast_kruskal, GNM, 3, 2097152, 134217728, 30, 10535951546, yes
i_max_filter, GNM, 0, 2097152, 134217728, 30, 5827347729, yes
i_max_filter, GNM, 1, 2097152, 134217728, 30, 5828836941, yes
i_max_filter, GNM, 2, 2097152, 134217728, 30, 5849665650, yes
i_max_filter, GNM, 3, 2097152, 134217728, 30, 5831565408, yes
parallel_i_max_filter, GNM, 0, 2097152, 134217728, 30, 4512166241, yes
parallel_i_max_filter, GNM, 1, 2097152, 134217728, 30, 4444675053, yes
parallel_i_max_filter, GNM, 2, 2097152, 134217728, 30, 4459005843, yes
parallel_i_max_filter, GNM, 3, 2097152, 134217728, 40, 4497629039, yes
jarnik_prim, GNM, 0, 2097152, 134217728, 40, 4367266805, yes
jarnik_prim, GNM, 1, 2097152, 134217728, 40, 4435068201, yes
jarnik_prim, GNM, 2, 2097152, 134217728, 40, 4431269484, yes
jarnik_prim, GNM, 3, 2097152, 134217728, 40, 4421757269, yes
